,M,seed,N,num_epoch,device,method_name,elapsed_time
0,10000,0,10,1,cuda,clvq_method_dim_1_pytorch_autograd,9.798581838607788
1,10000,0,10,1,cpu,clvq_method_dim_1_pytorch_autograd,5.415765047073364
2,10000,0,20,1,cuda,clvq_method_dim_1_pytorch_autograd,6.753395080566406
3,10000,0,20,1,cpu,clvq_method_dim_1_pytorch_autograd,2.7308077812194824
4,10000,0,50,1,cuda,clvq_method_dim_1_pytorch_autograd,6.735166311264038
5,10000,0,50,1,cpu,clvq_method_dim_1_pytorch_autograd,2.700255870819092
6,10000,0,100,1,cuda,clvq_method_dim_1_pytorch_autograd,6.6418421268463135
7,10000,0,100,1,cpu,clvq_method_dim_1_pytorch_autograd,3.357989549636841
8,10000,0,200,1,cuda,clvq_method_dim_1_pytorch_autograd,6.650331497192383
9,10000,0,200,1,cpu,clvq_method_dim_1_pytorch_autograd,3.0631778240203857
10,10000,0,500,1,cuda,clvq_method_dim_1_pytorch_autograd,6.791542530059815
11,10000,0,500,1,cpu,clvq_method_dim_1_pytorch_autograd,3.055389642715454
12,10000,1,10,1,cuda,clvq_method_dim_1_pytorch_autograd,6.810346364974976
13,10000,1,10,1,cpu,clvq_method_dim_1_pytorch_autograd,2.72900128364563
14,10000,1,20,1,cuda,clvq_method_dim_1_pytorch_autograd,7.1064746379852295
15,10000,1,20,1,cpu,clvq_method_dim_1_pytorch_autograd,3.199445962905884
16,10000,1,50,1,cuda,clvq_method_dim_1_pytorch_autograd,6.896639585494995
17,10000,1,50,1,cpu,clvq_method_dim_1_pytorch_autograd,3.029473066329956
18,10000,1,100,1,cuda,clvq_method_dim_1_pytorch_autograd,6.625317335128784
19,10000,1,100,1,cpu,clvq_method_dim_1_pytorch_autograd,3.373542308807373
20,10000,1,200,1,cuda,clvq_method_dim_1_pytorch_autograd,6.630819797515869
21,10000,1,200,1,cpu,clvq_method_dim_1_pytorch_autograd,2.979949951171875
22,10000,1,500,1,cuda,clvq_method_dim_1_pytorch_autograd,6.957422256469727
23,10000,1,500,1,cpu,clvq_method_dim_1_pytorch_autograd,2.971796989440918
24,10000,2,10,1,cuda,clvq_method_dim_1_pytorch_autograd,6.891235113143921
25,10000,2,10,1,cpu,clvq_method_dim_1_pytorch_autograd,2.793553113937378
26,10000,2,20,1,cuda,clvq_method_dim_1_pytorch_autograd,7.019266843795776
27,10000,2,20,1,cpu,clvq_method_dim_1_pytorch_autograd,2.8233578205108643
28,10000,2,50,1,cuda,clvq_method_dim_1_pytorch_autograd,6.570091485977173
29,10000,2,50,1,cpu,clvq_method_dim_1_pytorch_autograd,3.417789459228516
30,10000,2,100,1,cuda,clvq_method_dim_1_pytorch_autograd,6.650071859359741
31,10000,2,100,1,cpu,clvq_method_dim_1_pytorch_autograd,2.751110792160034
32,10000,2,200,1,cuda,clvq_method_dim_1_pytorch_autograd,6.865231990814209
33,10000,2,200,1,cpu,clvq_method_dim_1_pytorch_autograd,2.9928884506225586
34,10000,2,500,1,cuda,clvq_method_dim_1_pytorch_autograd,6.928093671798706
35,10000,2,500,1,cpu,clvq_method_dim_1_pytorch_autograd,3.009617328643799
36,20000,0,10,1,cuda,clvq_method_dim_1_pytorch_autograd,13.425783395767212
37,20000,0,10,1,cpu,clvq_method_dim_1_pytorch_autograd,6.102712631225586
38,20000,0,20,1,cuda,clvq_method_dim_1_pytorch_autograd,13.529553413391112
39,20000,0,20,1,cpu,clvq_method_dim_1_pytorch_autograd,5.428769111633301
40,20000,0,50,1,cuda,clvq_method_dim_1_pytorch_autograd,13.244628190994264
41,20000,0,50,1,cpu,clvq_method_dim_1_pytorch_autograd,6.157124042510986
42,20000,0,100,1,cuda,clvq_method_dim_1_pytorch_autograd,13.39616322517395
43,20000,0,100,1,cpu,clvq_method_dim_1_pytorch_autograd,5.457495212554932
44,20000,0,200,1,cuda,clvq_method_dim_1_pytorch_autograd,13.563826322555542
45,20000,0,200,1,cpu,clvq_method_dim_1_pytorch_autograd,6.032979249954224
46,20000,0,500,1,cuda,clvq_method_dim_1_pytorch_autograd,13.49841022491455
47,20000,0,500,1,cpu,clvq_method_dim_1_pytorch_autograd,6.807509660720825
48,20000,1,10,1,cuda,clvq_method_dim_1_pytorch_autograd,13.447315454483032
49,20000,1,10,1,cpu,clvq_method_dim_1_pytorch_autograd,5.448609113693237
50,20000,1,20,1,cuda,clvq_method_dim_1_pytorch_autograd,13.448094129562378
51,20000,1,20,1,cpu,clvq_method_dim_1_pytorch_autograd,6.03231406211853
52,20000,1,50,1,cuda,clvq_method_dim_1_pytorch_autograd,13.320355892181396
53,20000,1,50,1,cpu,clvq_method_dim_1_pytorch_autograd,6.085065364837647
54,20000,1,100,1,cuda,clvq_method_dim_1_pytorch_autograd,13.875366926193236
55,20000,1,100,1,cpu,clvq_method_dim_1_pytorch_autograd,5.64510703086853
56,20000,1,200,1,cuda,clvq_method_dim_1_pytorch_autograd,13.418513536453249
57,20000,1,200,1,cpu,clvq_method_dim_1_pytorch_autograd,6.522473096847534
58,20000,1,500,1,cuda,clvq_method_dim_1_pytorch_autograd,13.53099775314331
59,20000,1,500,1,cpu,clvq_method_dim_1_pytorch_autograd,6.136683464050293
60,20000,2,10,1,cuda,clvq_method_dim_1_pytorch_autograd,13.55844259262085
61,20000,2,10,1,cpu,clvq_method_dim_1_pytorch_autograd,6.12227201461792
62,20000,2,20,1,cuda,clvq_method_dim_1_pytorch_autograd,13.751071691513062
63,20000,2,20,1,cpu,clvq_method_dim_1_pytorch_autograd,6.068689584732056
64,20000,2,50,1,cuda,clvq_method_dim_1_pytorch_autograd,13.468478202819824
65,20000,2,50,1,cpu,clvq_method_dim_1_pytorch_autograd,5.5239341259002686
66,20000,2,100,1,cuda,clvq_method_dim_1_pytorch_autograd,13.388250350952148
67,20000,2,100,1,cpu,clvq_method_dim_1_pytorch_autograd,6.090917348861694
68,20000,2,200,1,cuda,clvq_method_dim_1_pytorch_autograd,13.436633825302124
69,20000,2,200,1,cpu,clvq_method_dim_1_pytorch_autograd,5.991549968719482
70,20000,2,500,1,cuda,clvq_method_dim_1_pytorch_autograd,13.717203855514526
71,20000,2,500,1,cpu,clvq_method_dim_1_pytorch_autograd,6.33308744430542
72,50000,0,10,1,cuda,clvq_method_dim_1_pytorch_autograd,33.68766498565674
73,50000,0,10,1,cpu,clvq_method_dim_1_pytorch_autograd,14.22733187675476
74,50000,0,20,1,cuda,clvq_method_dim_1_pytorch_autograd,33.55405855178833
75,50000,0,20,1,cpu,clvq_method_dim_1_pytorch_autograd,14.963247060775757
76,50000,0,50,1,cuda,clvq_method_dim_1_pytorch_autograd,33.533406496047974
77,50000,0,50,1,cpu,clvq_method_dim_1_pytorch_autograd,14.313345670700071
78,50000,0,100,1,cuda,clvq_method_dim_1_pytorch_autograd,33.51195049285889
79,50000,0,100,1,cpu,clvq_method_dim_1_pytorch_autograd,14.36998438835144
80,50000,0,200,1,cuda,clvq_method_dim_1_pytorch_autograd,33.95885133743286
81,50000,0,200,1,cpu,clvq_method_dim_1_pytorch_autograd,15.50055766105652
82,50000,0,500,1,cuda,clvq_method_dim_1_pytorch_autograd,33.92493295669556
83,50000,0,500,1,cpu,clvq_method_dim_1_pytorch_autograd,15.845200538635254
84,50000,1,10,1,cuda,clvq_method_dim_1_pytorch_autograd,33.579230308532715
85,50000,1,10,1,cpu,clvq_method_dim_1_pytorch_autograd,14.424731969833374
86,50000,1,20,1,cuda,clvq_method_dim_1_pytorch_autograd,34.51603031158447
87,50000,1,20,1,cpu,clvq_method_dim_1_pytorch_autograd,14.558627367019652
88,50000,1,50,1,cuda,clvq_method_dim_1_pytorch_autograd,33.566845178604126
89,50000,1,50,1,cpu,clvq_method_dim_1_pytorch_autograd,14.371755599975586
90,50000,1,100,1,cuda,clvq_method_dim_1_pytorch_autograd,33.5606369972229
91,50000,1,100,1,cpu,clvq_method_dim_1_pytorch_autograd,14.217637062072754
92,50000,1,200,1,cuda,clvq_method_dim_1_pytorch_autograd,33.796202659606934
93,50000,1,200,1,cpu,clvq_method_dim_1_pytorch_autograd,15.643594741821287
94,50000,1,500,1,cuda,clvq_method_dim_1_pytorch_autograd,33.895132303237915
95,50000,1,500,1,cpu,clvq_method_dim_1_pytorch_autograd,15.85323977470398
96,50000,2,10,1,cuda,clvq_method_dim_1_pytorch_autograd,33.47964668273926
97,50000,2,10,1,cpu,clvq_method_dim_1_pytorch_autograd,14.17141842842102
98,50000,2,20,1,cuda,clvq_method_dim_1_pytorch_autograd,33.75125455856323
99,50000,2,20,1,cpu,clvq_method_dim_1_pytorch_autograd,14.212050199508669
100,50000,2,50,1,cuda,clvq_method_dim_1_pytorch_autograd,33.60687732696533
101,50000,2,50,1,cpu,clvq_method_dim_1_pytorch_autograd,14.207285404205322
102,50000,2,100,1,cuda,clvq_method_dim_1_pytorch_autograd,33.35900378227234
103,50000,2,100,1,cpu,clvq_method_dim_1_pytorch_autograd,14.352075576782228
104,50000,2,200,1,cuda,clvq_method_dim_1_pytorch_autograd,33.586251735687256
105,50000,2,200,1,cpu,clvq_method_dim_1_pytorch_autograd,15.3632709980011
106,50000,2,500,1,cuda,clvq_method_dim_1_pytorch_autograd,34.022111892700195
107,50000,2,500,1,cpu,clvq_method_dim_1_pytorch_autograd,15.583375453948976
108,100000,0,10,1,cuda,clvq_method_dim_1_pytorch_autograd,67.43159031867981
109,100000,0,10,1,cpu,clvq_method_dim_1_pytorch_autograd,28.488804578781128
110,100000,0,20,1,cuda,clvq_method_dim_1_pytorch_autograd,66.79711103439331
111,100000,0,20,1,cpu,clvq_method_dim_1_pytorch_autograd,28.629875421524048
112,100000,0,50,1,cuda,clvq_method_dim_1_pytorch_autograd,66.97350883483887
113,100000,0,50,1,cpu,clvq_method_dim_1_pytorch_autograd,28.76327610015869
114,100000,0,100,1,cuda,clvq_method_dim_1_pytorch_autograd,67.17371153831482
115,100000,0,100,1,cpu,clvq_method_dim_1_pytorch_autograd,28.834062576293945
116,100000,0,200,1,cuda,clvq_method_dim_1_pytorch_autograd,67.12197208404541
117,100000,0,200,1,cpu,clvq_method_dim_1_pytorch_autograd,30.409969806671143
118,100000,0,500,1,cuda,clvq_method_dim_1_pytorch_autograd,67.43643450737
119,100000,0,500,1,cpu,clvq_method_dim_1_pytorch_autograd,31.608031749725345
120,100000,1,10,1,cuda,clvq_method_dim_1_pytorch_autograd,67.21525835990906
121,100000,1,10,1,cpu,clvq_method_dim_1_pytorch_autograd,28.557957887649536
122,100000,1,20,1,cuda,clvq_method_dim_1_pytorch_autograd,66.6692864894867
123,100000,1,20,1,cpu,clvq_method_dim_1_pytorch_autograd,28.38976645469665
124,100000,1,50,1,cuda,clvq_method_dim_1_pytorch_autograd,67.63766574859619
125,100000,1,50,1,cpu,clvq_method_dim_1_pytorch_autograd,29.18053722381592
126,100000,1,100,1,cuda,clvq_method_dim_1_pytorch_autograd,66.98795247077942
127,100000,1,100,1,cpu,clvq_method_dim_1_pytorch_autograd,28.48246169090271
128,100000,1,200,1,cuda,clvq_method_dim_1_pytorch_autograd,67.08970379829407
129,100000,1,200,1,cpu,clvq_method_dim_1_pytorch_autograd,30.4461932182312
130,100000,1,500,1,cuda,clvq_method_dim_1_pytorch_autograd,67.13941407203674
131,100000,1,500,1,cpu,clvq_method_dim_1_pytorch_autograd,32.41268587112427
132,100000,2,10,1,cuda,clvq_method_dim_1_pytorch_autograd,66.74734330177307
133,100000,2,10,1,cpu,clvq_method_dim_1_pytorch_autograd,29.29048991203308
134,100000,2,20,1,cuda,clvq_method_dim_1_pytorch_autograd,66.53067541122437
135,100000,2,20,1,cpu,clvq_method_dim_1_pytorch_autograd,28.84481906890869
136,100000,2,50,1,cuda,clvq_method_dim_1_pytorch_autograd,66.57694673538208
137,100000,2,50,1,cpu,clvq_method_dim_1_pytorch_autograd,28.64710593223572
138,100000,2,100,1,cuda,clvq_method_dim_1_pytorch_autograd,66.46731472015381
139,100000,2,100,1,cpu,clvq_method_dim_1_pytorch_autograd,28.61892533302307
140,100000,2,200,1,cuda,clvq_method_dim_1_pytorch_autograd,66.83378958702087
141,100000,2,200,1,cpu,clvq_method_dim_1_pytorch_autograd,31.092937231063843
142,100000,2,500,1,cuda,clvq_method_dim_1_pytorch_autograd,68.16766381263733
143,100000,2,500,1,cpu,clvq_method_dim_1_pytorch_autograd,32.5607373714447
144,200000,0,10,1,cuda,clvq_method_dim_1_pytorch_autograd,133.8983063697815
145,200000,0,10,1,cpu,clvq_method_dim_1_pytorch_autograd,57.43811273574829
146,200000,0,20,1,cuda,clvq_method_dim_1_pytorch_autograd,133.65527629852295
147,200000,0,20,1,cpu,clvq_method_dim_1_pytorch_autograd,57.47748064994812
148,200000,0,50,1,cuda,clvq_method_dim_1_pytorch_autograd,133.86680054664612
149,200000,0,50,1,cpu,clvq_method_dim_1_pytorch_autograd,57.7668354511261
150,200000,0,100,1,cuda,clvq_method_dim_1_pytorch_autograd,133.17641139030457
151,200000,0,100,1,cpu,clvq_method_dim_1_pytorch_autograd,56.96548557281494
152,200000,0,200,1,cuda,clvq_method_dim_1_pytorch_autograd,134.12003445625305
153,200000,0,200,1,cpu,clvq_method_dim_1_pytorch_autograd,61.81584572792053
154,200000,0,500,1,cuda,clvq_method_dim_1_pytorch_autograd,134.89824223518372
155,200000,0,500,1,cpu,clvq_method_dim_1_pytorch_autograd,63.2274808883667
156,200000,1,10,1,cuda,clvq_method_dim_1_pytorch_autograd,132.96842432022095
157,200000,1,10,1,cpu,clvq_method_dim_1_pytorch_autograd,57.46414923667908
158,200000,1,20,1,cuda,clvq_method_dim_1_pytorch_autograd,133.8363471031189
159,200000,1,20,1,cpu,clvq_method_dim_1_pytorch_autograd,57.509023904800415
160,200000,1,50,1,cuda,clvq_method_dim_1_pytorch_autograd,134.14916229248047
161,200000,1,50,1,cpu,clvq_method_dim_1_pytorch_autograd,57.3751757144928
162,200000,1,100,1,cuda,clvq_method_dim_1_pytorch_autograd,133.62580513954163
163,200000,1,100,1,cpu,clvq_method_dim_1_pytorch_autograd,56.97736883163452
164,200000,1,200,1,cuda,clvq_method_dim_1_pytorch_autograd,134.51171231269836
165,200000,1,200,1,cpu,clvq_method_dim_1_pytorch_autograd,61.61737704277039
166,200000,1,500,1,cuda,clvq_method_dim_1_pytorch_autograd,136.13961362838745
167,200000,1,500,1,cpu,clvq_method_dim_1_pytorch_autograd,63.44969010353088
168,200000,2,10,1,cuda,clvq_method_dim_1_pytorch_autograd,133.15212965011597
169,200000,2,10,1,cpu,clvq_method_dim_1_pytorch_autograd,58.07415843009949
170,200000,2,20,1,cuda,clvq_method_dim_1_pytorch_autograd,133.9513962268829
171,200000,2,20,1,cpu,clvq_method_dim_1_pytorch_autograd,57.21267914772034
172,200000,2,50,1,cuda,clvq_method_dim_1_pytorch_autograd,133.37312006950378
173,200000,2,50,1,cpu,clvq_method_dim_1_pytorch_autograd,57.53250598907471
174,200000,2,100,1,cuda,clvq_method_dim_1_pytorch_autograd,133.1351773738861
175,200000,2,100,1,cpu,clvq_method_dim_1_pytorch_autograd,57.91682410240173
176,200000,2,200,1,cuda,clvq_method_dim_1_pytorch_autograd,134.24676275253296
177,200000,2,200,1,cpu,clvq_method_dim_1_pytorch_autograd,61.25784516334534
178,200000,2,500,1,cuda,clvq_method_dim_1_pytorch_autograd,134.39501476287842
179,200000,2,500,1,cpu,clvq_method_dim_1_pytorch_autograd,63.80277752876282
180,10000,0,10,1,cuda,clvq_method_dim_1_pytorch,2.075800895690918
181,10000,0,10,1,cpu,clvq_method_dim_1_pytorch,0.938457489013672
182,10000,0,20,1,cuda,clvq_method_dim_1_pytorch,1.7518081665039062
183,10000,0,20,1,cpu,clvq_method_dim_1_pytorch,0.6035492420196533
184,10000,0,50,1,cuda,clvq_method_dim_1_pytorch,1.7013399600982666
185,10000,0,50,1,cpu,clvq_method_dim_1_pytorch,0.616666316986084
186,10000,0,100,1,cuda,clvq_method_dim_1_pytorch,1.7058534622192385
187,10000,0,100,1,cpu,clvq_method_dim_1_pytorch,0.6061913967132568
188,10000,0,200,1,cuda,clvq_method_dim_1_pytorch,1.7445721626281738
189,10000,0,200,1,cpu,clvq_method_dim_1_pytorch,0.688025951385498
190,10000,0,500,1,cuda,clvq_method_dim_1_pytorch,2.144379138946533
191,10000,0,500,1,cpu,clvq_method_dim_1_pytorch,0.999962329864502
192,10000,1,10,1,cuda,clvq_method_dim_1_pytorch,1.6880764961242676
193,10000,1,10,1,cpu,clvq_method_dim_1_pytorch,0.5968947410583496
194,10000,1,20,1,cuda,clvq_method_dim_1_pytorch,1.7093305587768557
195,10000,1,20,1,cpu,clvq_method_dim_1_pytorch,0.610741138458252
196,10000,1,50,1,cuda,clvq_method_dim_1_pytorch,1.7316503524780271
197,10000,1,50,1,cpu,clvq_method_dim_1_pytorch,0.6055841445922852
198,10000,1,100,1,cuda,clvq_method_dim_1_pytorch,1.6854333877563477
199,10000,1,100,1,cpu,clvq_method_dim_1_pytorch,0.6088283061981201
200,10000,1,200,1,cuda,clvq_method_dim_1_pytorch,2.167614221572876
201,10000,1,200,1,cpu,clvq_method_dim_1_pytorch,0.8483433723449707
202,10000,1,500,1,cuda,clvq_method_dim_1_pytorch,1.695673942565918
203,10000,1,500,1,cpu,clvq_method_dim_1_pytorch,0.6607484817504883
204,10000,2,10,1,cuda,clvq_method_dim_1_pytorch,1.7751069068908691
205,10000,2,10,1,cpu,clvq_method_dim_1_pytorch,0.6045644283294678
206,10000,2,20,1,cuda,clvq_method_dim_1_pytorch,1.6944029331207275
207,10000,2,20,1,cpu,clvq_method_dim_1_pytorch,0.6194093227386475
208,10000,2,50,1,cuda,clvq_method_dim_1_pytorch,1.716845989227295
209,10000,2,50,1,cpu,clvq_method_dim_1_pytorch,0.5959651470184326
210,10000,2,100,1,cuda,clvq_method_dim_1_pytorch,2.261197566986084
211,10000,2,100,1,cpu,clvq_method_dim_1_pytorch,0.6522064208984375
212,10000,2,200,1,cuda,clvq_method_dim_1_pytorch,1.7287201881408691
213,10000,2,200,1,cpu,clvq_method_dim_1_pytorch,0.6890244483947754
214,10000,2,500,1,cuda,clvq_method_dim_1_pytorch,1.7105515003204346
215,10000,2,500,1,cpu,clvq_method_dim_1_pytorch,0.6877336502075195
216,20000,0,10,1,cuda,clvq_method_dim_1_pytorch,3.4190926551818848
217,20000,0,10,1,cpu,clvq_method_dim_1_pytorch,1.2048895359039309
218,20000,0,20,1,cuda,clvq_method_dim_1_pytorch,4.040493011474609
219,20000,0,20,1,cpu,clvq_method_dim_1_pytorch,1.2059381008148191
220,20000,0,50,1,cuda,clvq_method_dim_1_pytorch,3.4086806774139404
221,20000,0,50,1,cpu,clvq_method_dim_1_pytorch,1.1909656524658203
222,20000,0,100,1,cuda,clvq_method_dim_1_pytorch,3.9020066261291504
223,20000,0,100,1,cpu,clvq_method_dim_1_pytorch,1.3937735557556152
224,20000,0,200,1,cuda,clvq_method_dim_1_pytorch,3.411978483200073
225,20000,0,200,1,cpu,clvq_method_dim_1_pytorch,1.305471897125244
226,20000,0,500,1,cuda,clvq_method_dim_1_pytorch,3.4520013332366943
227,20000,0,500,1,cpu,clvq_method_dim_1_pytorch,1.630728244781494
228,20000,1,10,1,cuda,clvq_method_dim_1_pytorch,3.834702968597412
229,20000,1,10,1,cpu,clvq_method_dim_1_pytorch,1.1913580894470217
230,20000,1,20,1,cuda,clvq_method_dim_1_pytorch,3.361624240875244
231,20000,1,20,1,cpu,clvq_method_dim_1_pytorch,1.1903815269470217
232,20000,1,50,1,cuda,clvq_method_dim_1_pytorch,3.993186235427856
233,20000,1,50,1,cpu,clvq_method_dim_1_pytorch,1.2096014022827148
234,20000,1,100,1,cuda,clvq_method_dim_1_pytorch,3.412179708480835
235,20000,1,100,1,cpu,clvq_method_dim_1_pytorch,1.2143819332122805
236,20000,1,200,1,cuda,clvq_method_dim_1_pytorch,3.407005786895752
237,20000,1,200,1,cpu,clvq_method_dim_1_pytorch,1.7060143947601318
238,20000,1,500,1,cuda,clvq_method_dim_1_pytorch,3.743639707565308
239,20000,1,500,1,cpu,clvq_method_dim_1_pytorch,1.4812467098236084
240,20000,2,10,1,cuda,clvq_method_dim_1_pytorch,3.3924813270568848
241,20000,2,10,1,cpu,clvq_method_dim_1_pytorch,1.1970629692077637
242,20000,2,20,1,cuda,clvq_method_dim_1_pytorch,3.987581253051758
243,20000,2,20,1,cpu,clvq_method_dim_1_pytorch,1.2059166431427002
244,20000,2,50,1,cuda,clvq_method_dim_1_pytorch,3.355343103408813
245,20000,2,50,1,cpu,clvq_method_dim_1_pytorch,1.1860880851745603
246,20000,2,100,1,cuda,clvq_method_dim_1_pytorch,3.391684532165528
247,20000,2,100,1,cpu,clvq_method_dim_1_pytorch,1.7435197830200195
248,20000,2,200,1,cuda,clvq_method_dim_1_pytorch,3.674013614654541
249,20000,2,200,1,cpu,clvq_method_dim_1_pytorch,1.2605130672454834
250,20000,2,500,1,cuda,clvq_method_dim_1_pytorch,3.375499725341797
251,20000,2,500,1,cpu,clvq_method_dim_1_pytorch,1.3426451683044434
252,50000,0,10,1,cuda,clvq_method_dim_1_pytorch,9.70658802986145
253,50000,0,10,1,cpu,clvq_method_dim_1_pytorch,3.028516292572021
254,50000,0,20,1,cuda,clvq_method_dim_1_pytorch,9.120980024337769
255,50000,0,20,1,cpu,clvq_method_dim_1_pytorch,2.972705602645874
256,50000,0,50,1,cuda,clvq_method_dim_1_pytorch,9.1681866645813
257,50000,0,50,1,cpu,clvq_method_dim_1_pytorch,3.003176689147949
258,50000,0,100,1,cuda,clvq_method_dim_1_pytorch,8.966040134429932
259,50000,0,100,1,cpu,clvq_method_dim_1_pytorch,2.989014148712158
260,50000,0,200,1,cuda,clvq_method_dim_1_pytorch,9.102385759353638
261,50000,0,200,1,cpu,clvq_method_dim_1_pytorch,3.2584474086761475
262,50000,0,500,1,cuda,clvq_method_dim_1_pytorch,9.164355278015137
263,50000,0,500,1,cpu,clvq_method_dim_1_pytorch,3.4040420055389404
264,50000,1,10,1,cuda,clvq_method_dim_1_pytorch,9.029829502105711
265,50000,1,10,1,cpu,clvq_method_dim_1_pytorch,3.056035280227661
266,50000,1,20,1,cuda,clvq_method_dim_1_pytorch,8.991487264633179
267,50000,1,20,1,cpu,clvq_method_dim_1_pytorch,2.9838497638702397
268,50000,1,50,1,cuda,clvq_method_dim_1_pytorch,8.986591100692749
269,50000,1,50,1,cpu,clvq_method_dim_1_pytorch,2.9805498123168945
270,50000,1,100,1,cuda,clvq_method_dim_1_pytorch,9.035329818725586
271,50000,1,100,1,cpu,clvq_method_dim_1_pytorch,3.0367119312286377
272,50000,1,200,1,cuda,clvq_method_dim_1_pytorch,9.056168794631958
273,50000,1,200,1,cpu,clvq_method_dim_1_pytorch,3.408411026000977
274,50000,1,500,1,cuda,clvq_method_dim_1_pytorch,8.964739561080933
275,50000,1,500,1,cpu,clvq_method_dim_1_pytorch,3.7132797241210938
276,50000,2,10,1,cuda,clvq_method_dim_1_pytorch,8.815542459487915
277,50000,2,10,1,cpu,clvq_method_dim_1_pytorch,3.328734397888184
278,50000,2,20,1,cuda,clvq_method_dim_1_pytorch,8.842366933822632
279,50000,2,20,1,cpu,clvq_method_dim_1_pytorch,3.2348053455352783
280,50000,2,50,1,cuda,clvq_method_dim_1_pytorch,8.838942050933838
281,50000,2,50,1,cpu,clvq_method_dim_1_pytorch,3.380060195922852
282,50000,2,100,1,cuda,clvq_method_dim_1_pytorch,8.838521003723145
283,50000,2,100,1,cpu,clvq_method_dim_1_pytorch,3.272169828414917
284,50000,2,200,1,cuda,clvq_method_dim_1_pytorch,8.898616790771484
285,50000,2,200,1,cpu,clvq_method_dim_1_pytorch,3.709385395050049
286,50000,2,500,1,cuda,clvq_method_dim_1_pytorch,8.808120250701904
287,50000,2,500,1,cpu,clvq_method_dim_1_pytorch,3.9420416355133057
288,100000,0,10,1,cuda,clvq_method_dim_1_pytorch,17.604722023010254
289,100000,0,10,1,cpu,clvq_method_dim_1_pytorch,6.52069354057312
290,100000,0,20,1,cuda,clvq_method_dim_1_pytorch,17.708277225494385
291,100000,0,20,1,cpu,clvq_method_dim_1_pytorch,6.241124153137207
292,100000,0,50,1,cuda,clvq_method_dim_1_pytorch,17.701584815979004
293,100000,0,50,1,cpu,clvq_method_dim_1_pytorch,7.604783535003662
294,100000,0,100,1,cuda,clvq_method_dim_1_pytorch,17.42304015159607
295,100000,0,100,1,cpu,clvq_method_dim_1_pytorch,6.698992967605591
296,100000,0,200,1,cuda,clvq_method_dim_1_pytorch,17.661447763442993
297,100000,0,200,1,cpu,clvq_method_dim_1_pytorch,7.305920362472534
298,100000,0,500,1,cuda,clvq_method_dim_1_pytorch,17.446282148361206
299,100000,0,500,1,cpu,clvq_method_dim_1_pytorch,7.6319451332092285
300,100000,1,10,1,cuda,clvq_method_dim_1_pytorch,17.429046154022217
301,100000,1,10,1,cpu,clvq_method_dim_1_pytorch,6.743948459625244
302,100000,1,20,1,cuda,clvq_method_dim_1_pytorch,17.43353819847107
303,100000,1,20,1,cpu,clvq_method_dim_1_pytorch,6.737179756164551
304,100000,1,50,1,cuda,clvq_method_dim_1_pytorch,17.494328260421753
305,100000,1,50,1,cpu,clvq_method_dim_1_pytorch,6.678654432296753
306,100000,1,100,1,cuda,clvq_method_dim_1_pytorch,17.45094609260559
307,100000,1,100,1,cpu,clvq_method_dim_1_pytorch,6.812407493591309
308,100000,1,200,1,cuda,clvq_method_dim_1_pytorch,17.543730974197388
309,100000,1,200,1,cpu,clvq_method_dim_1_pytorch,7.334325075149536
310,100000,1,500,1,cuda,clvq_method_dim_1_pytorch,17.66021227836609
311,100000,1,500,1,cpu,clvq_method_dim_1_pytorch,7.540944099426269
312,100000,2,10,1,cuda,clvq_method_dim_1_pytorch,17.58007526397705
313,100000,2,10,1,cpu,clvq_method_dim_1_pytorch,6.784826040267944
314,100000,2,20,1,cuda,clvq_method_dim_1_pytorch,17.44256591796875
315,100000,2,20,1,cpu,clvq_method_dim_1_pytorch,6.719706773757935
316,100000,2,50,1,cuda,clvq_method_dim_1_pytorch,18.10796070098877
317,100000,2,50,1,cpu,clvq_method_dim_1_pytorch,6.755173921585083
318,100000,2,100,1,cuda,clvq_method_dim_1_pytorch,17.408196926116943
319,100000,2,100,1,cpu,clvq_method_dim_1_pytorch,6.947172403335571
320,100000,2,200,1,cuda,clvq_method_dim_1_pytorch,17.499878883361816
321,100000,2,200,1,cpu,clvq_method_dim_1_pytorch,7.23799467086792
322,100000,2,500,1,cuda,clvq_method_dim_1_pytorch,17.541529655456543
323,100000,2,500,1,cpu,clvq_method_dim_1_pytorch,7.410703659057617
324,200000,0,10,1,cuda,clvq_method_dim_1_pytorch,36.19696998596192
325,200000,0,10,1,cpu,clvq_method_dim_1_pytorch,13.088342666625977
326,200000,0,20,1,cuda,clvq_method_dim_1_pytorch,35.681196212768555
327,200000,0,20,1,cpu,clvq_method_dim_1_pytorch,12.57345414161682
328,200000,0,50,1,cuda,clvq_method_dim_1_pytorch,35.510777950286865
329,200000,0,50,1,cpu,clvq_method_dim_1_pytorch,12.68023443222046
330,200000,0,100,1,cuda,clvq_method_dim_1_pytorch,35.60125160217285
331,200000,0,100,1,cpu,clvq_method_dim_1_pytorch,13.643789768218994
332,200000,0,200,1,cuda,clvq_method_dim_1_pytorch,35.813825845718384
333,200000,0,200,1,cpu,clvq_method_dim_1_pytorch,13.762531042099
334,200000,0,500,1,cuda,clvq_method_dim_1_pytorch,35.616761207580566
335,200000,0,500,1,cpu,clvq_method_dim_1_pytorch,14.232827186584473
336,200000,1,10,1,cuda,clvq_method_dim_1_pytorch,35.48521327972412
337,200000,1,10,1,cpu,clvq_method_dim_1_pytorch,12.56577968597412
338,200000,1,20,1,cuda,clvq_method_dim_1_pytorch,35.598642110824585
339,200000,1,20,1,cpu,clvq_method_dim_1_pytorch,12.755616426467896
340,200000,1,50,1,cuda,clvq_method_dim_1_pytorch,35.68435478210449
341,200000,1,50,1,cpu,clvq_method_dim_1_pytorch,12.659387826919556
342,200000,1,100,1,cuda,clvq_method_dim_1_pytorch,36.0744686126709
343,200000,1,100,1,cpu,clvq_method_dim_1_pytorch,12.7868812084198
344,200000,1,200,1,cuda,clvq_method_dim_1_pytorch,35.61240744590759
345,200000,1,200,1,cpu,clvq_method_dim_1_pytorch,14.366060495376589
346,200000,1,500,1,cuda,clvq_method_dim_1_pytorch,35.82234215736389
347,200000,1,500,1,cpu,clvq_method_dim_1_pytorch,14.070608854293823
348,200000,2,10,1,cuda,clvq_method_dim_1_pytorch,35.39955806732178
349,200000,2,10,1,cpu,clvq_method_dim_1_pytorch,12.781473398208618
350,200000,2,20,1,cuda,clvq_method_dim_1_pytorch,35.464744091033936
351,200000,2,20,1,cpu,clvq_method_dim_1_pytorch,12.528991937637327
352,200000,2,50,1,cuda,clvq_method_dim_1_pytorch,35.39068818092346
353,200000,2,50,1,cpu,clvq_method_dim_1_pytorch,12.693016290664673
354,200000,2,100,1,cuda,clvq_method_dim_1_pytorch,36.34223628044128
355,200000,2,100,1,cpu,clvq_method_dim_1_pytorch,13.07644772529602
356,200000,2,200,1,cuda,clvq_method_dim_1_pytorch,35.925188302993774
357,200000,2,200,1,cpu,clvq_method_dim_1_pytorch,13.990404844284058
358,200000,2,500,1,cuda,clvq_method_dim_1_pytorch,35.677862882614136
359,200000,2,500,1,cpu,clvq_method_dim_1_pytorch,14.603126525878906
360,10000,0,10,1,,clvq_method_dim_1,0.17885732650756836
361,10000,0,20,1,,clvq_method_dim_1,0.1858692169189453
362,10000,0,50,1,,clvq_method_dim_1,0.1718447208404541
363,10000,0,100,1,,clvq_method_dim_1,0.18890905380249023
364,10000,0,200,1,,clvq_method_dim_1,0.19461369514465332
365,10000,0,500,1,,clvq_method_dim_1,0.24440813064575195
366,10000,1,10,1,,clvq_method_dim_1,0.17116403579711914
367,10000,1,20,1,,clvq_method_dim_1,0.18605875968933105
368,10000,1,50,1,,clvq_method_dim_1,0.18299007415771484
369,10000,1,100,1,,clvq_method_dim_1,0.19930696487426758
370,10000,1,200,1,,clvq_method_dim_1,0.20859980583190918
371,10000,1,500,1,,clvq_method_dim_1,0.18554949760437012
372,10000,2,10,1,,clvq_method_dim_1,0.10363245010375977
373,10000,2,20,1,,clvq_method_dim_1,0.1009974479675293
374,10000,2,50,1,,clvq_method_dim_1,0.10180497169494629
375,10000,2,100,1,,clvq_method_dim_1,0.10413241386413574
376,10000,2,200,1,,clvq_method_dim_1,0.12488365173339844
377,10000,2,500,1,,clvq_method_dim_1,0.15966796875
378,20000,0,10,1,,clvq_method_dim_1,0.20106267929077148
379,20000,0,20,1,,clvq_method_dim_1,0.19455552101135254
380,20000,0,50,1,,clvq_method_dim_1,0.19465899467468262
381,20000,0,100,1,,clvq_method_dim_1,0.21031713485717773
382,20000,0,200,1,,clvq_method_dim_1,0.24616193771362305
383,20000,0,500,1,,clvq_method_dim_1,0.2981283664703369
384,20000,1,10,1,,clvq_method_dim_1,0.19806313514709473
385,20000,1,20,1,,clvq_method_dim_1,0.20139575004577637
386,20000,1,50,1,,clvq_method_dim_1,0.20523619651794434
387,20000,1,100,1,,clvq_method_dim_1,0.22069120407104492
388,20000,1,200,1,,clvq_method_dim_1,0.24138283729553223
389,20000,1,500,1,,clvq_method_dim_1,0.3009030818939209
390,20000,2,10,1,,clvq_method_dim_1,0.19657063484191895
391,20000,2,20,1,,clvq_method_dim_1,0.22687625885009766
392,20000,2,50,1,,clvq_method_dim_1,0.21078038215637207
393,20000,2,100,1,,clvq_method_dim_1,0.21149778366088867
394,20000,2,200,1,,clvq_method_dim_1,0.23782062530517578
395,20000,2,500,1,,clvq_method_dim_1,0.3004429340362549
396,50000,0,10,1,,clvq_method_dim_1,0.48346638679504395
397,50000,0,20,1,,clvq_method_dim_1,0.4643239974975586
398,50000,0,50,1,,clvq_method_dim_1,0.49301886558532715
399,50000,0,100,1,,clvq_method_dim_1,0.4996480941772461
400,50000,0,200,1,,clvq_method_dim_1,0.6104979515075684
401,50000,0,500,1,,clvq_method_dim_1,0.7099952697753906
402,50000,1,10,1,,clvq_method_dim_1,0.4999542236328125
403,50000,1,20,1,,clvq_method_dim_1,0.4997110366821289
404,50000,1,50,1,,clvq_method_dim_1,0.5095961093902588
405,50000,1,100,1,,clvq_method_dim_1,0.8288784027099609
406,50000,1,200,1,,clvq_method_dim_1,0.9724726676940918
407,50000,1,500,1,,clvq_method_dim_1,1.0179362297058105
408,50000,2,10,1,,clvq_method_dim_1,0.46257495880126953
409,50000,2,20,1,,clvq_method_dim_1,0.47299885749816895
410,50000,2,50,1,,clvq_method_dim_1,0.471588134765625
411,50000,2,100,1,,clvq_method_dim_1,0.5499224662780762
412,50000,2,200,1,,clvq_method_dim_1,0.5934128761291504
413,50000,2,500,1,,clvq_method_dim_1,0.7167572975158691
414,100000,0,10,1,,clvq_method_dim_1,0.9189107418060303
415,100000,0,20,1,,clvq_method_dim_1,0.9186060428619385
416,100000,0,50,1,,clvq_method_dim_1,0.9330341815948486
417,100000,0,100,1,,clvq_method_dim_1,1.0048878192901611
418,100000,0,200,1,,clvq_method_dim_1,1.1792752742767334
419,100000,0,500,1,,clvq_method_dim_1,1.4620704650878906
420,100000,1,10,1,,clvq_method_dim_1,1.6024761199951172
421,100000,1,20,1,,clvq_method_dim_1,1.2217066287994385
422,100000,1,50,1,,clvq_method_dim_1,0.9361190795898438
423,100000,1,100,1,,clvq_method_dim_1,0.9902908802032471
424,100000,1,200,1,,clvq_method_dim_1,1.172729253768921
425,100000,1,500,1,,clvq_method_dim_1,1.3617804050445557
426,100000,2,10,1,,clvq_method_dim_1,0.9073021411895752
427,100000,2,20,1,,clvq_method_dim_1,0.897141695022583
428,100000,2,50,1,,clvq_method_dim_1,0.9402647018432617
429,100000,2,100,1,,clvq_method_dim_1,0.9890367984771729
430,100000,2,200,1,,clvq_method_dim_1,1.168990135192871
431,100000,2,500,1,,clvq_method_dim_1,2.2740941047668457
432,200000,0,10,1,,clvq_method_dim_1,1.8808412551879883
433,200000,0,20,1,,clvq_method_dim_1,1.7968714237213135
434,200000,0,50,1,,clvq_method_dim_1,1.8783533573150635
435,200000,0,100,1,,clvq_method_dim_1,2.006814956665039
436,200000,0,200,1,,clvq_method_dim_1,2.4319727420806885
437,200000,0,500,1,,clvq_method_dim_1,3.780423879623413
438,200000,1,10,1,,clvq_method_dim_1,1.8155615329742432
439,200000,1,20,1,,clvq_method_dim_1,1.810312032699585
440,200000,1,50,1,,clvq_method_dim_1,1.8461518287658691
441,200000,1,100,1,,clvq_method_dim_1,1.9747891426086426
442,200000,1,200,1,,clvq_method_dim_1,3.0040273666381836
443,200000,1,500,1,,clvq_method_dim_1,3.188232183456421
444,200000,2,10,1,,clvq_method_dim_1,1.7847273349761963
445,200000,2,20,1,,clvq_method_dim_1,1.7980258464813232
446,200000,2,50,1,,clvq_method_dim_1,1.857790231704712
447,200000,2,100,1,,clvq_method_dim_1,1.984778642654419
448,200000,2,200,1,,clvq_method_dim_1,3.402582883834839
449,200000,2,500,1,,clvq_method_dim_1,2.7381932735443115
